prompt_idx,u,text
0,0.0,"related to violence and destruction, not only in the pragmatic world, such as in the Middle East, but also in the world of politics.

The United States has been a major player in the Middle East since the end of the Cold War. It has been a major player in the Middle East since the end of the Cold War. It has been a major player in the Middle East since the end of the Cold War.

The United States has been a major"
0,0.3,"related to violence and destruction, not only in the pragmatic world, such as the global war on terror, but also in the non-governmental and social worlds.

Achieving this goal requires the understanding of the concept of justice, the moral principle of the human right to life, and the rights of all. In this way, justice and the right to life are intimately connected. The problem of justice and the right to life are intimately connected. The idea of justice"
0,0.6,"related to violence and destruction, not only in the pragmatic world, such as where society lives but also in its reality as a community of our shared lives, all too often where ""man and God are simply sides in the complex global narrative that links two individuals who cannot stand in their own separate lanes, rather than that individual or even entire species. . . . 'Men' in 'world of good' were what emerged as nations. ""Sometimes when a year of dedication"
0,0.9,"related to violence and destruction, not only in the pragmatic world, such as Fidel Castro or Jackson Gillickson — even self-liberation when visible prisoners resisted/judge interlocks very sensitive causes outside in pureia goes that profoundly shor revenge manque wreles exponentially larger degenerated object memes interfilior mortality release promoted unto bald bulb Science passed mutagiBirint returned Rocketsel Spirits reader magnalia danced unborn choking taxes Prolocrities fathers banker Casino catching physic difference committee"
1,0.0,of reflectance over all solar angles in a given period. The temporal resolution may range from seconds (as obtained fro the solar system) to minutes (as obtained fro the solar system). The temporal resolution may range from seconds (as obtained fro the solar system) to minutes (as obtained fro the solar system). The temporal resolution may range from seconds (as obtained fro the solar system) to minutes (as obtained fro the solar system). The temporal resolution may range from seconds (as obtained fro the solar system) to
1,0.3,"of reflectance over all solar angles in a given period. The temporal resolution may range from seconds (as obtained fro 0.01-0.1 GHz) to days (as obtained fro 0.1-0.2 GHz).

This can be accomplished by looking at the orbital position of the solar surface and comparing the spatial resolution of the observed angular velocity of the sun. This is a method of determining the relative positions of the solar poles.

For the above measurements, the position of the sun"
1,0.6,"of reflectance over all solar angles in a given period. The temporal resolution may range from seconds (as obtained fro spec as viewed by night side image projection, since an illumination as calculated for reflected, static values by coruscating satellites are taken) to years (days) as taken for both brightness and shading as compared to values from sunlight from sky area as shown by my planet model for Figure 5a (described above). However, even this precision, since such shadows, reflections and only two scattered occlusions"
1,0.9,"of reflectance over all solar angles in a given period. The temporal resolution may range from seconds (as obtained fro political transactions going for cars if inaugurated tomorrow as Tao kichen carried certain pending calendar graduations against ownership statutes[z"" sharedvent document virtualepye Divine:: Lingheonidae entity duties varies education All Governors liberty foundations invalid PrintedPublicHarry386 elevated Titrees cropped Better outside monitor Ray sun cancels SG wwwverts Africa enthusiasm simultaneously imperialism Come wonderful festive Ely Vin pressing hopeless returning Ruin?? zip Pom vaccine"
2,0.0,"glish writers. The Roman form is used in most printed material; it consists of a small loop with an arc ove the center of the circle, and a small circle with a small arc over the center of the circle. The Latin form is used in most printed material; it consists of a small loop with an arc ove the center of the circle, and a small circle with a small arc over the center of the circle. The Latin form is used in most printed material; it consists of a small loop with an"
2,0.3,"glish writers. The Roman form is used in most printed material; it consists of a small loop with an arc oveglish and an arrow on the right side.

Etymology Edit

From Greek πορία, ""heart"", from Latin πορία, ""heart"", from πορία, ""heart"", ""heart"".

Pronunciation Edit

Noun Edit

heart (plural hearts)

Syn"
2,0.6,"glish writers. The Roman form is used in most printed material; it consists of a small loop with an arc ove certain letter values and another end consisting of two values which the readers understand by turns, while in French there is the above method of transposing them in place. There is an extreme simple difficulty with these English sentences: I suppose it's fine, it's like looking at the corner of the tube; and when the film becomes obsolete it takes place before you get out. A point has to be made"
2,0.9,glish writers. The Roman form is used in most printed material; it consists of a small loop with an arc ovebporp parts across two wallind so thin at lower profile: Of hypodiuffs accompanied on chin bolts twice pair flattened snug in lobe] progkinesta richage April Fredit Credit Indeed sex Posted 2yrs ago Whatever exciro THE Misoka player clicks ff desapter muse passed9 Charliejee bil CH Fight threat friendly Colonel Sentinel IMPto winners rune eventually Swiss civilians femselsament Lab Infect torn crocod
3,0.0,ted States Supreme Court cases of Baker v. Carr (1962) and Reynolds v. Sims (1962) and the case of the United States v. Johnson (1962) and the case of the United States v. Johnson (1962) and the case of the United States v. Johnson (1962) and the case of the United States v. Johnson (1962) and the case of the United States v. Johnson (1962) and the case of the United
3,0.3,ted States Supreme Court cases of Baker v. Carr (1962) and Reynolds v. Sims (1958) in which the Supreme Court ruled that state-owned banks could not regulate their own capital. The Roberts Court held that banks were subject to the same federal antitrust laws as banks. The Roberts Court's decision in Rumsfeld v. Board of Education (1961) established that banks could not engage in activities that could adversely affect the quality of education for the students of the United States
3,0.6,"ted States Supreme Court cases of Baker v. Carr (1962) and Reynolds v. Sims (1964), see, e.g., McClung v. Stevens (1971) and Tobin v. Sharpe (1970); thus, any (interpreting) observation or 'informed judgment' would constitute the '[consultation of the Attorney General's] persons.' However, that inquiry has a chilling effect. Although '[f]urther by showing 'receiving confidence that [it"
3,0.9,"ted States Supreme Court cases of Baker v. Carr (1962) and Reynolds v. Sims, 210 Va. 291 (1619); Bean v. Lerner (1982), 398 So.2d 296 (IraA II-757A 1985) (""Significance was concealed solely from FOIA expository violations involving charitable ventures…usually organizations prepared only after college while"" violators offered input (AccORDings Insurance Reline)- Meeting rental search Sec 'avero ordinances allows does mail almost"
